{
  "assetsByChunkName": {
    "vendors~app-account~app-checkout~app-confirmation~app-order": "chunk.ea268dcb9c521d4bf6f3.js",
    "vendors~app-account~app-confirmation~app-order": "chunk.b73544be589b9f99d558.js",
    "vendors~app-account~app-checkout": "chunk.a446381fe758e5b1113b.js",
    "admin": [
      "admin.6d692bf9a5b62679240d.js",
      "admin.6d692bf9a5b62679240d.js.map"
    ],
    "app-account": "chunk.19cfb67e2037ea94d4c0.js",
    "app-confirmation": "chunk.ad7bcb9fdd52827cffa2.js",
    "app-order": "chunk.91e2756f4b3fcb8cfdde.js",
    "checkout": [
      "checkout.fd6584798ae94c02ea71.js",
      "checkout.fd6584798ae94c02ea71.js.map"
    ],
    "storefront": [
      "storefront.04268eb357747937d2d3.css",
      "storefront.3e137e9fe3ff413ead10.js",
      "storefront.04268eb357747937d2d3.css.map",
      "storefront.3e137e9fe3ff413ead10.js.map"
    ],
    "vendors~app-cart": "chunk.578ff22ae486b15abedb.js",
    "vendors~app-checkout": "chunk.c20df5cf362c02ffb9ff.js"
  }
}