{
  "title": "Lojas Físicas Minas Cristais SWX ",
  "meta_title": "Lojas Físicas Minas Cristais SWX ",
  "meta_description": "Lojas Físicas Minas Cristais SWX : Sete Lagoas, Curvelo e Belo Horizonte",
  "body": "<!--StartFragment-->\n\nLoja Curvelo – MG\n\n**Curvelo – MG**\n\nRodovia BR135 , km 629,5\n\n( ao lado do Recanto do Tiziu)\n\n**Atendimento de Segunda a Sexta das 8h às 17h.**\n\n[Fale pelo Whatsapp](https://api.whatsapp.com/send?1=pt_BR&phone=55031998604393 \"Fale pelo Whatsapp\")\n\n<!--EndFragment-->\n\n<iframe src=\"https://www.google.com/maps/embed?pb=!1m14!1m8!1m3!1d7552.946814139124!2d-44.488308!3d-18.821607!3m2!1i1024!2i768!4f13.1!3m3!1m2!1s0x0%3A0xc2ed192bb2c49e6e!2sMinas%20Cristais%20-%20Curvelo%2FMG!5e0!3m2!1spt-BR!2sbr!4v1643768209509!5m2!1spt-BR!2sbr\" width=\"600\" height=\"450\" style=\"border:0;\" allowfullscreen=\"\" loading=\"lazy\"></iframe>\n\n<!--StartFragment-->\n\nLoja Sete Lagoas – MG\n\n**Sete Lagoas – MG**\n\nAv Castelo Branco, 2184. Bairro Santo Antonio\n\nSegunda a Quinta das 7h às 17h.\n\nSexta das 8h às 17h.\n\n[Atendimento](https://api.whatsapp.com/send?1=pt_BR&phone=55031998604393)\n\n<!--EndFragment-->\n\n<iframe src=\"https://www.google.com/maps/embed?pb=!1m14!1m8!1m3!1d7523.049257038826!2d-44.263761!3d-19.476052!3m2!1i1024!2i768!4f13.1!3m3!1m2!1s0x0%3A0xd202fc4584b2c1fe!2sMinas%20Cristais%20Matriz!5e0!3m2!1spt-BR!2sbr!4v1643768266120!5m2!1spt-BR!2sbr\" width=\"600\" height=\"450\" style=\"border:0;\" allowfullscreen=\"\" loading=\"lazy\"></iframe>\n\n\n\n<!--StartFragment-->\n\nLoja Belo Horizonte – MG\n\n**Belo Horizonte – MG**\n\nAv. Augusto de Lima, 744 – Loja 109 \n\nBairro Centro\n\nno Mercado Central de Belo Horizonte\n\n[Atendimento: ](https://pedeporperto.com.br/mercadocentraldebh/comprar?brasil=&busca=Minas+cristais)\n\nDe terça a sexta das 9h às 18h.\n\nSábado das 9h às 17h.\n\n[Fale pelo Whatsapp](https://api.whatsapp.com/send?1=pt_BR&phone=55031+553136534394 \"Fale pelo Whatsapp\")\n\n[Atendimento no Instagram ](http://instagram.com/minas_cristais_bh)\n\n<!--EndFragment-->\n\n<iframe src=\"https://www.google.com/maps/embed?pb=!1m18!1m12!1m3!1d3751.0431125271966!2d-43.94570568508557!3d-19.922587986607898!2m3!1f0!2f0!3f0!3m2!1i1024!2i768!4f13.1!3m3!1m2!1s0xa699f95000eebf%3A0x6a7db23ca006d4e5!2sMinas%20Cristais%20SWX%20-%20BH!5e0!3m2!1spt-BR!2sbr!4v1643768328829!5m2!1spt-BR!2sbr\" width=\"600\" height=\"450\" style=\"border:0;\" allowfullscreen=\"\" loading=\"lazy\"></iframe>",
  "sections": [
    {
      "type": "responsive-banner",
      "img": "/img/uploads/banner-sobe.jpg"
    },
    {
      "type": "page-title",
      "title": "Lojas Físicas Minas Cristais SWX ",
      "description": "Visite também nossas Lojas Físicas"
    },
    {
      "type": "extra-page",
      "enabled": true
    }
  ]
}