{
  "title": "Minas Cristais SWX - Sobre a Empresa",
  "body": "<!--StartFragment-->\n\nA Empresa **Minas Cristais** está localizada na cidade de **[Sete Lagoas](https://g.page/minascristais?share)**, Minas Gerais, Brasil, região conhecida pela produção de cristais e minerais de alta qualidade.\n\nSua história começa, há mais de 30 anos, no ano de **1991**, com um pequeno lapidário.\n\nEm **2011** inaugurou sua loja virtual, expandindo suas vendas pelo Brasil e pelo Mundo afora.\n\nHoje, **Minas Cristais** se tornou referência no mercado e parte da conexão entre pessoas e natureza.\n\nEm **2018** inauguramos a Loja Física localizada em [Curvelo/ MG](https://g.page/minascristais-curvelo?share), nela você pode comprar tanto no varejo como no atacado.\n\n\\\n[Loja Física de Sete Lagoas](https://g.page/minascristais?share) foi ampliada em 2020 para melhor atender o público.\n\nTodos os produtos que você encontra na[ loja virtual](https://www.minascristais.com.br/), você também pode comprar na [Loja Física de Sete Lagoas](https://g.page/minascristais?share).\n\nEm 2018 também inauguramos a[ loja virtual de Atacado](https://atacado.minascristais.com.br/) para melhor atender você, lojista que deseja revender nossos produtos, visite : <https://atacado.minascristais.com.br/>\n\n[Loja Física em Belo Horizonte ](https://g.page/minascristais_bh?share), inaugurada dia 10 de abril de 2021, Av. Augusto de Lima, 744 – Loja 109 ( Mercado Central de Belo Horizonte).\n\n### O que oferecemos:\n\nAtualmente, **Minas Cristais** mantém em estoque uma enorme variedade de diferentes tipos e qualidades de minerais, gemas, artesanatos e artigos para decoração.\n\nOferecemos além dos inúmeros tipos de cristais e semi preciosos, também temos artesanatos em outras pedras como ágata e pedra sabão.\n\nAcessórios como pingentes, colares, anéis e pulseiras você também encontra em nossas lojas.\n\nTodos os nossos produtos vêm da natureza e, portanto, são únicos. Tendo isso em mente, sempre buscamos manter nossa página da web atualizada para que os nossos clientes possam visualizar todas as peças disponíveis. Em nosso [Instagram](https://instagram.com/minas_cristais) você também consegue acompanhar as novidades e produtos disponíveis.\n\nNós fornecemos informações verdadeiras, precisas sobre tamanhos e pesos para você escolher bem os seus produtos de interesse.\n\nSe você precisar de imagens diferentes, informações mais detalhadas, teremos o prazer de enviá-las via e-mail ou [whatsapp.](https://api.whatsapp.com/send?1=pt_BR&phone=55031998604393)\n\nCaso não encontre aqui o que você procura, sinta-se à vontade em contatar-nos, pois checaremos nosso estoque e montaremos o seu pedido de acordo com as suas necessidades.\n\n<!--StartFragment-->\n\n### [WhatsApp Varejo : 31 99860-4393](https://api.whatsapp.com/send?1=pt_BR&phone=55031998604393)\n\n### [Whatsapp Atacado: 31 3176-5634](https://api.whatsapp.com/send?1=pt_BR&phone=550313176-5634)\n\n[Whatsapp BH : (31)3653-4394](https://wa.me/553136534394)\n\n<!--EndFragment-->\n\n<!--StartFragment-->\n\n### Nosso Objetivo:\n\n**Minas Cristais** tem por objetivo atender prontamente seus clientes, oferecendo produtos criteriosamente selecionados e de alta qualidade, com preços atraentes, no menor tempo de entrega.\n\nEstamos sempre nos atualizando no mercado, inclusive nas tecnologias, para estarmos disponíveis construindo relacionamento no online, pelas redes sociais e [whatsapp](https://api.whatsapp.com/send?1=pt_BR&phone=55031998604393)\\\n.\n\nTemos um atendimento personalizado pelo [Whatsapp](https://api.whatsapp.com/send?1=pt_BR&phone=55031998604393) para tirar todas as dúvidas relacionadas a pedidos de compras, produtos, de segunda a sexta das 9h às 17h\n\nEm nossos canais das redes sociais, [Instagram](https://www.instagram.com/minas_cristais), [Tik Tok](https://www.tiktok.com/@minas_cristais) , [Facebook ](https://www.facebook.com/MinasCristais/)e [Youtube](https://www.youtube.com/channel/UCZftRzY99rK0eHOSOxfuDQg?view_as=subscriber) estamos sempre à disposição para conversar com você e trazer conteúdos relevantes de nossos produtos, curiosidades e bastidores do que acontece por aqui nas lojas. Esperamos você por lá também :)\n\n### Nossa Meta:\n\nAtender cada vez mais nossos clientes e novos clientes do Brasil e Exterior. Mantendo o padrão de qualidade que conseguimos alcançar nesses anos de trabalho.\n\nVoltar a atuar em Feiras e Exposições pelo Brasil e Exterior como fazíamos antes da Pandemia,\n\nLevando nossos produtos, gemas, semi-preciosos e artesanatos em pedra para todo Brasil e Exterior.\n\nSempre procurando atualizações do lado tecnológico e logístico levando para você a entrega cada vez mais rápida de produtos consumidos online.\n\n### Minas Cristais - Transparência é o nosso negócio!\n\n<!--EndFragment-->",
  "meta_title": "Minas Cristais SWX - Sobre a Empresa",
  "meta_description": "Minas Cristais SWX - Sobre a Empresa - Desde 2011 você encontra nossos produtos em nossa loja virtual, a maior variedade de Pedras e Cristais com os Melhores Preços, Qualidade e Pronta Entrega. ",
  "sections": [
    {
      "type": "responsive-banner",
      "img": "/img/uploads/banner-sobe.jpg"
    },
    {
      "type": "extra-page",
      "enabled": true
    },
    {
      "type": "page-title",
      "title": "Visite também nossas Lojas Físicas",
      "description": "Loja Curvelo: Rodovia BR135 , km 629,5 ( ao lado do Recanto do Tiziu) |  Loja Sete Lagoas: Av Marechal Castelo Branco, 2184. Bairro Santo Antonio | Loja Belo Horizonte: Av. Augusto de Lima, 744 - Loja 109 ( Mercado Central de Belo Horizonte)"
    },
    {
      "type": "custom-content",
      "markdown": "<iframe src=\"https://www.google.com/maps/embed?pb=!1m14!1m8!1m3!1d7552.946814139124!2d-44.488308!3d-18.821607!3m2!1i1024!2i768!4f13.1!3m3!1m2!1s0x0%3A0xc2ed192bb2c49e6e!2sMinas%20Cristais%20-%20Curvelo%2FMG!5e0!3m2!1spt-BR!2sbr!4v1643768209509!5m2!1spt-BR!2sbr\" width=\"600\" height=\"450\" style=\"border:0;\" allowfullscreen=\"\" loading=\"lazy\"></iframe>\n\n\n\n<iframe src=\"https://www.google.com/maps/embed?pb=!1m14!1m8!1m3!1d7523.049257038826!2d-44.263761!3d-19.476052!3m2!1i1024!2i768!4f13.1!3m3!1m2!1s0x0%3A0xd202fc4584b2c1fe!2sMinas%20Cristais%20Matriz!5e0!3m2!1spt-BR!2sbr!4v1643768266120!5m2!1spt-BR!2sbr\" width=\"600\" height=\"450\" style=\"border:0;\" allowfullscreen=\"\" loading=\"lazy\"></iframe>\n\n\n\n<iframe src=\"https://www.google.com/maps/embed?pb=!1m18!1m12!1m3!1d3751.0431125271966!2d-43.94570568508557!3d-19.922587986607898!2m3!1f0!2f0!3f0!3m2!1i1024!2i768!4f13.1!3m3!1m2!1s0xa699f95000eebf%3A0x6a7db23ca006d4e5!2sMinas%20Cristais%20SWX%20-%20BH!5e0!3m2!1spt-BR!2sbr!4v1643768328829!5m2!1spt-BR!2sbr\" width=\"600\" height=\"450\" style=\"border:0;\" allowfullscreen=\"\" loading=\"lazy\"></iframe>"
    },
    {
      "type": "dynamic-showcase",
      "load_more": false,
      "sort": "lowest_price"
    }
  ]
}