{
  "title": "Segurança & Privacidade",
  "meta_title": "Política de privacidade",
  "meta_description": "Política de privacidade",
  "body": "<!--StartFragment-->\n\n# Termos de serviço\n\nPOLÍTICA DE PRIVACIDADE MINAS CRISTAIS SWX\n\n\n\nNo nosso e-commerce seus dados são armazenados, apenas quando você se cadastra ou realiza alguma compra,  onde seus dados como e-mail são utilizados para comunicações por e-mail, o qual utilizamos para o contato e avisos de novidades e promoções da Minas Cristais SWX.\n\nSeu e-mail também é armazenado caso você tenha se cadastrado em nossa newsletter, ou se inscreveu para baixar algum e-book ou catálogo, seus dados são armazenados em nossa base externa de emails para comunicações por e-mail, que utilizamos para o contato e avisos de novidades e promoções da Minas Cristais SWX.\n\n\n\n1. DADOS QUE COLETAMOS\n\n[Estes são os dados que coletamos](https://site.minascristais.com.br/wp-content/uploads/2021/05/politica-privacidade-MINASCRISTAISSWX.pdf). Nós informamos para você o motivo de coletarmos todos estes dados e com quem os compartilhamos. Além disso, esclarecemos as finalidades que lhes serão destinadas (cumprir obrigações legais, atender suas expectativas e otimizar nossa relação, basicamente). Na tabela abaixo trazemos uma versão simplificada dos seus dados que gerenciamos e para que o fazemos. Lembre-se: em nossa política poderá ver com muito mais precisão para qual finalidade utilizamos seus dados!\n\n\n\n2. PRAZO E LOCAL DE ARMAZENAMENTO DOS DADOS\n\nDados pessoais Prazo de armazenamento Fundamento legal\n\nDados cadastrais 5 (cinco) anos após o término da relação Art. 12 e 34 do código de defesa do consumidor\n\nOutros dados Enquanto durar a relação e não houver pedido de apagamento ou revogação de consentimento Art. 9, inciso ii da lei geral de proteção de dados pessoais.\n\n\n\n3. ACESSIBILIDADE DOS DADOS PESSOAIS\n\n\n\nPodemos coletar ou você poderá nos fornecer seu nome completo, empresa, telefone, cidade, whatsapp e cargo para a sua identificação.\n\nNão solicitamos em nenhum formulário do site dados como CPF, CNPJ, isso somente é solicitado para transação comercial que ocorre por e-commerce , presencialmente ou whatsapp para comercialização de produtos Minas Cristais SWX. Esses dados ficam armazenados em nossa base específica comercial.\n\nTambém coletamos, caso necessário, algumas informações técnicas do seu dispositivo, tais como, a versão do sistema operacional, a sua geolocalização, os aplicativos instalados, IP e porta lógica de origem, registros de interações com a Minas Cristais , telas acessadas, session ID e dados públicos do seu Facebook, visando ampliar o nosso relacionamento, cumprir com obrigações legais, dentre outras finalidades.\n\nRecomendamos que você analise a nossa política onde constam mais detalhadamente as finalidades de uso de dados que coletamos. Usamos esses dados, também, para informar sobre nossos produtos e serviços, de acordo com seu perfil. Além disso, os dados também são utilizados para a sua proteção, seja para cumprir obrigações legais e assim assegurar seus direitos ou até mesmo para prevenir alguma fraude.\n\n\n\n4. CANAL DE CONTATO\n\nEm caso de qualquer dúvida com relação às disposições da política, você poderá entrar em contato por meio do e-mail: [atendimento@minascristais.com.br](http://mailto:atendimento@minascristais.com.br/)\n\n\n\n[5. Dados sensíveis, confira nossa Política de Privacidade  para cadastro e pagamento em nosso e-commerce.](https://www.minascristais.com.br/pagina/privacidade)\n\n<!--EndFragment-->",
  "sections": [
    {
      "type": "breadcrumbs",
      "enabled": true
    },
    {
      "type": "page-title"
    },
    {
      "type": "extra-page",
      "enabled": true
    }
  ]
}