{
  "youtube": "https://www.youtube.com/channel/UCZftRzY99rK0eHOSOxfuDQg?view_as=subscriber",
  "facebook": "https://www.facebook.com/MinasCristais/",
  "phone": "",
  "doc_number": "17.131.085/0001-40",
  "whatsapp": "(31) 99860-4393",
  "instagram": "https://www.instagram.com/minas_cristais",
  "twitter": "",
  "address": "Av Marechal Castelo Branco, 2184. Bairro Santo Antônio - Sete Lagoas - MG ",
  "tiktok": "https://www.tiktok.com/@minas_cristais",
  "pinterest": "https://br.pinterest.com/minascristais/",
  "email": "atendimento@minascristais.com.br"
}