{
  "description": {
    "title": "",
    "text": ""
  },
  "links_1": {
    "list_pages": false,
    "title": "Informações",
    "list": [
      {
        "text": "Minas Cristais SWX ",
        "url": "https://minascristais.netlify.app/pages/minas-cristais-swx-sobre-a-empresa"
      },
      {
        "text": "Lojas Físicas",
        "url": "https://minascristais.netlify.app/pages/contato"
      },
      {
        "text": "Como Comprar",
        "url": "https://minascristais.netlify.app/pages/faq"
      },
      {
        "text": "Formas de Envio",
        "url": "https://minascristais.netlify.app/pages/entrega"
      },
      {
        "text": "Formas de Pagamento",
        "url": "https://minascristais.netlify.app/pages/pagamentos"
      },
      {
        "text": "Segurança & Privacidade",
        "url": "https://minascristais.netlify.app/pages/privacidade"
      },
      {
        "text": "Trocas & Devoluções",
        "url": "https://minascristais.netlify.app/pages/trocas"
      },
      {
        "text": "Catálogo e Loja Atacado",
        "url": "https://minascristais.netlify.app/pages/minas-cristais-swx-sobre-a-empresa"
      }
    ]
  },
  "links_2": {
    "list_categories": false,
    "title": "Mais ",
    "list": [
      {
        "text": "E-book de Pedras e Cristais"
      },
      {
        "text": "Calendário Astrológico 2022"
      },
      {
        "text": "Significado das Pedras"
      },
      {
        "text": "Como Limpar e Energizar - Pedras e Cristais"
      },
      {
        "text": "As Pedras de Cada Signos"
      },
      {
        "text": "As Pedras de Cada Profissão"
      },
      {
        "text": "Blog Minas Cristais "
      }
    ]
  },
  "contacts": {
    "title": "Contatos",
    "phone_wpp": true,
    "socials": true,
    "email": true,
    "address": true
  },
  "stamps": [
    {
      "src": "/img/uploads/ssl-safe.png",
      "alt": "Secure connection"
    }
  ],
  "payment_methods": {
    "bb": false,
    "visa": true,
    "boleto": true,
    "aura": false,
    "banrisul": false,
    "elo": true,
    "hipercard": false,
    "hsbc": false,
    "bradesco": false,
    "santander": false,
    "mastercard": true,
    "citibank": false,
    "mais": false,
    "itau": false
  },
  "credits": ""
}