{
  "marketing_stripe": {
    "text": "",
    "link": ""
  },
  "contacts_stripe": {
    "pages": [
      {
        "title": "Login"
      },
      {
        "title": "Ver Pedidos "
      },
      {
        "title": "Como Comprar"
      },
      {
        "title": "Atacado "
      },
      {
        "title": "Lojas Físicas",
        "link": "https://minascristais.netlify.app/pages/contato"
      }
    ],
    "phone_wpp": true,
    "socials": true
  },
  "categories_list": {
    "featured": [],
    "random": 8,
    "full_width": true
  },
  "search_input": true,
  "desktop_megamenu": false
}