{
  "meta_title": "Minas Cristais SWX - Loja de Pedras e Cristais - Sete Lagoas | Curvelo | Belo Horizonte ",
  "meta_description": "Minas Cristais SWX - Loja de Pedras e Cristais - Sete Lagoas | Curvelo | Belo Horizonte.Loja de Pedras & Cristais,  envio para Todo Brasil e Exterior.  Visite também nossas lojas físicas em Sete Lagoas, Curvelo e Belo Horizonte.  A maior variedade de pedras e cristais a Pronta Entrega de Minas Gerais para o mundo. , ",
  "sections": [
    {
      "type": "banner-slider",
      "autoplay": 9000,
      "full_width": true,
      "slides": [
        {
          "start": "2022-02-02T01:46:14.483Z",
          "end": "",
          "img": "/img/uploads/mesa-posta-agatas-minascristais.jpg",
          "mobile_img": "/img/uploads/mesa-posta-agatas-minascristaismobile.jpg",
          "link": "https://minascristais.netlify.app/mesa-posta"
        }
      ]
    },
    {
      "type": "page-title",
      "title": "A Maior Variedade de Pedras e Cristais a Pronta Entrega ",
      "description": "Enviamos para Todo Brasil | Parcele suas compras em até 3x sem juros no cartão "
    },
    {
      "type": "brands-carousel",
      "limit": 24,
      "offset": 0,
      "sort": "name",
      "autoplay": ""
    },
    {
      "type": "custom-html",
      "html": "<h2> Use o cupom : PRIMEIRACOMPRA  e garanta 5% de desconto! </h2> \n<h4> Pedras Roladas | Cristais em diversos formatos | Decoração e Acessórios </h4>"
    },
    {
      "type": "dynamic-showcase",
      "load_more": false,
      "sort": "slug"
    },
    {
      "type": "banners-grid",
      "banners": [
        {
          "img": "/img/uploads/chakras.jpg",
          "link": "https://minascristais.netlify.app/chakras/"
        },
        {
          "img": "/img/uploads/pedrasbrutasbase.jpg",
          "link": "https://minascristais.netlify.app/pedras-na-base/"
        },
        {
          "img": "/img/uploads/decoreanimais.jpg",
          "link": "https://minascristais.netlify.app/animais/"
        }
      ]
    },
    {
      "type": "info-bar",
      "enabled": true
    }
  ]
}