{
  "shipping": {
    "show": true,
    "text": "Enviamos para Todo Brasil | Para Exterior Compre via Whatsapp | Lojas Físicas ",
    "link": "https://minascristais.netlify.app/pages/entrega"
  },
  "installments": {
    "show": true,
    "text": "Parcele suas compras em até 3x sem juros no cartão | Aceitamos Boleto | PIX ",
    "link": "https://minascristais.netlify.app/pages/pagamentos"
  },
  "exchange": {
    "show": false,
    "text": "Não gostou? A primeira troca é gratuita"
  },
  "promo": {
    "show": true,
    "text": "Promoções e Cupons - saiba mais ",
    "link": "https://minascristais.netlify.app/pages/promocoesvigentes"
  }
}